score,tier,fit,company,title,dates,area,source,url,first_seen,note
96,T2,strong,OCBC,"Internship: Global Markets, Equities – Digital Platforms [Jan 2027 to Jun 2027]",Jan 2027 – Jun 2027,Asset & wealth management,workday,https://ocbc.wd102.myworkdayjobs.com/External/job/OCBC-Singapore/Internship--Global-Markets--Equities---Digital-Platforms--Jan-2027-to-Jun-2027-_JR00011429,2026-09-29,About 6 months from Jan 2027; needs a leave of absence.
95,T2,strong,IFS Asset Management Pte. Ltd,Private Credit Intern,Dec 2026 – Mar 2027,"Investment, research & IB",internsg,https://www.internsg.com/job/ifs-asset-management-pte-ltd-private-credit-intern/,2026-09-29,About 4 months from Dec 2026; needs a leave of absence.
95,T2,strong,OCBC,"Internship: Global Markets, Market Connectivity/Global Markets Equities [Jan 2027 to Jun 2027]",Jan 2027 – Jun 2027,Asset & wealth management,workday,https://ocbc.wd102.myworkdayjobs.com/External/job/OCBC-Singapore/Internship--Global-Markets--Market-Connectivity-Global-Markets-Equities--Jan-2027-to-Jun-2027-_JR00011430,2026-09-29,About 6 months from Jan 2027; needs a leave of absence.
94,T1,strong,PwC,Consulting- Clients & Markets Year End  Internship (Dec 26- Feb 27)),Dec 2026 – Feb 2027,"Investment, research & IB",workday,https://pwc.wd3.myworkdayjobs.com/Global_Campus_Careers/job/Singapore/Consulting--Clients---Markets-Year-End--Internship--Dec-26--Feb-27--_745837WD,2026-09-29,Dates fit your break as written.
94,T2,strong,Helicap,Investment Analyst Internship Spring 2027 (Dec 2026 - May 2027),Dec 2026 – May 2027,"Investment, research & IB",internsg,https://www.internsg.com/job/helicap-investment-analyst-internship-spring-2027-dec-2026-may-2027/,2026-09-29,About 6 months from Dec 2026; needs a leave of absence.
94,T2,strong,MUFG,Credit Portfolio Management Intern,11 Jan 2027 – Jun 2027,Asset & wealth management,workday,https://mufgub.wd3.myworkdayjobs.com/MUFG-EarlyCareers/job/Singapore-Office-Marina-One/Credit-Portfolio-Management-Intern_10078958-WD,2026-09-29,About 6 months from Jan 2027; needs a leave of absence.
93,T2,strong,IFS Asset Management Pte. Ltd,Investment & Analytics Intern,Dec 2026 – Apr 2027,"Investment, research & IB",internsg,https://www.internsg.com/job/ifs-asset-management-pte-ltd-investment-analytics-intern/,2026-09-29,About 5 months from Dec 2026; needs a leave of absence.
93,T2,strong,OCBC,"Internship: Global Markets, GM Equities, Futures and Derivatives Business Development [Jan 2027 to Jun 2027]",Jan 2027 – Jun 2027,Asset & wealth management,workday,https://ocbc.wd102.myworkdayjobs.com/External/job/OCBC-Singapore/Internship--Global-Markets--GM-Equities--Futures-and-Derivatives-Business-Development--Jan-2027-to-Jun-2027-_JR00011432-1,2026-09-29,About 6 months from Jan 2027; needs a leave of absence.
93,T2,strong,OCBC,"Internship: Global Markets, Asset Liability Management/Portfolio Intelligence Unit [Jan - Jun 2027]",Jan 2027 – Jun 2027,"Investment, research & IB",workday,https://ocbc.wd102.myworkdayjobs.com/External/job/OCBC-Singapore/Internship--Global-Markets--Asset-Liability-Management-Portfolio-Intelligence-Unit--Jan---Jun-2027-_JR00011370,2026-09-29,About 6 months from Jan 2027; needs a leave of absence.
93,T2,strong,Titan Capital Pte Ltd,Investment Intern,4 Jan 2027 – May 2027,"Investment, research & IB",internsg,https://www.internsg.com/job/titan-capital-pte-ltd-investment-intern-28/,2026-09-29,About 5 months from Jan 2027; needs a leave of absence.
92,T2,strong,Lion Global Investors Ltd,"Intern, Asian Equities",Dec 2026 – May 2027,Asset & wealth management,internsg,https://www.internsg.com/job/lion-global-investors-ltd-intern-asian-equities-4/,2026-09-29,About 6 months from Dec 2026; needs a leave of absence.
92,T2,strong,MUFG,Enterprise Risk Management Intern,11 Jan 2027 – Jun 2027,"Finance ops, treasury & risk",workday,https://mufgub.wd3.myworkdayjobs.com/MUFG-EarlyCareers/job/Singapore-Office-Marina-One/Enterprise-Risk-Management-Intern_10079780-WD,2026-09-29,About 6 months from Jan 2027; needs a leave of absence.
92,T2,strong,StepStone Group,1H 2027 Private Equity Intern,Jan 2027 – Jun 2027,"Investment, research & IB",greenhouse,https://www.stepstonegroup.com/current-opportunities/?gh_jid=8191575,2026-09-29,About 6 months from Jan 2027; needs a leave of absence.
91,T2,strong,CapitaLand,"Intern, Digital & Technology (Data & AI) (Business Analyst) (Off-cycle Jan - June 2027)",Jan 2027 – Jun 2027,Data & business analytics,workday,https://capitaland.wd3.myworkdayjobs.com/CapitaLandGroup/job/Singapore-East-Singapore/Intern--Digital---Technology--Data---AI---Business-Analyst---Off-cycle-Jan---June-2027-_JR005032-2,2026-09-29,About 6 months from Jan 2027; needs a leave of absence.
91,T2,strong,OCBC,"Internship: Global Markets, Equities Derivatives [Jan - Jun 2027]",Jan 2027 – Jun 2027,Asset & wealth management,workday,https://ocbc.wd102.myworkdayjobs.com/External/job/OCBC-Singapore/Internship--Global-Markets--Equities-Derivatives--Jan---Jun-2027-_JR00011367,2026-09-29,About 6 months from Jan 2027; needs a leave of absence.
91,T2,strong,OCBC,"Internship: Global Markets, Business Management Unit/System Solution Analytics [Jan - Jun 2027]",Jan 2027 – Jun 2027,"Investment, research & IB",workday,https://ocbc.wd102.myworkdayjobs.com/External/job/OCBC-Singapore/Internship--Global-Markets--Business-Management-Unit-System-Solution-Analytics--Jan---Jun-2027-_JR00011364,2026-09-29,About 6 months from Jan 2027; needs a leave of absence.
91,T2,strong,OCBC,"Internship: Global Markets, Global Markets Research - Equity Research [Jan - Jun 2027]",Jan 2027 – Jun 2027,"Investment, research & IB",workday,https://ocbc.wd102.myworkdayjobs.com/External/job/OCBC-Singapore/Internship--Global-Markets--Global-Markets-Research---Equity-Research--Jan---Jun-2027-_JR00011362-1,2026-09-29,About 6 months from Jan 2027; needs a leave of absence.
90,T2,strong,ING,"Intern, Asset Securitisation (Global Capital Markets)",Jan 2027 – Jun 2027,"Investment, research & IB",workday,https://ing.wd3.myworkdayjobs.com/ICSGBLCOR/job/Singapore/Intern--Asset-Securitisation--Global-Capital-Markets-_REQ-10120203-1,2026-09-29,About 6 months from Jan 2027; needs a leave of absence.
90,T2,strong,OCBC,"Internship: Global Markets, Digital Markets [Jan - Jun 2027]",Jan 2027 – Jun 2027,"Investment, research & IB",workday,https://ocbc.wd102.myworkdayjobs.com/External/job/OCBC-Singapore/Internship--Global-Markets--Digital-Markets--Jan---Jun-2027-_JR00011358,2026-09-29,About 6 months from Jan 2027; needs a leave of absence.
89,T2,strong,CapitaLand,"Intern, Digital & Technology (Data & AI) (Data Science) (Off-cycle Jan - Jun 2027)",Jan 2027 – Jun 2027,Data & business analytics,workday,https://capitaland.wd3.myworkdayjobs.com/CapitaLandGroup/job/Singapore-East-Singapore/Intern--Digital---Technology--Data---AI---Data-Science---Off-cycle-Jan---Jun-2027-_JR005034-1,2026-09-29,About 6 months from Jan 2027; needs a leave of absence.
89,T2,strong,OCBC,"Internship: Global Markets, Business Management Unit/First Line of Defence Support & Programs [Jan - Jun 2027]",Jan 2027 – Jun 2027,"Investment, research & IB",workday,https://ocbc.wd102.myworkdayjobs.com/External/job/OCBC-Singapore/Internship--Global-Markets--Business-Management-Unit-First-Line-of-Defence-Support---Programs--Jan---Jun-2027-_JR00011365,2026-09-29,About 6 months from Jan 2027; needs a leave of absence.
88,T2,stretch,CapitaLand,"Intern, Strategic Investments (M&A) (Jan - Jul 2027)",Jan 2027 – Jul 2027,"Investment, research & IB",workday,https://capitaland.wd3.myworkdayjobs.com/CapitaLandGroup/job/Singapore-Central-Singapore/Intern--Strategic-Investments--M-A---Jan---Jul-2027-_JR005006-1,2026-09-29,"About 7 months from Jan 2027, longer than your preferred 4–6; needs a leave of absence."
88,T2,strong,Lion Global Investors Ltd,"Intern, Multi-Asset Strategies Team (MAST)",Jan 2027 – Jun 2027,Asset & wealth management,internsg,https://www.internsg.com/job/lion-global-investors-ltd-intern-multi-asset-strategies-team-mast/,2026-09-29,About 6 months from Jan 2027; needs a leave of absence.
88,T2,strong,OCBC,"Internship: Global Markets, Cross Asset Structuring [Jan - Jun 2027]",Jan 2027 – Jun 2027,"Investment, research & IB",workday,https://ocbc.wd102.myworkdayjobs.com/External/job/OCBC-Singapore/Internship--Global-Markets--Cross-Asset-Structuring--Jan---Jun-2027-_JR00011368,2026-09-29,About 6 months from Jan 2027; needs a leave of absence.
88,T2,strong,OCBC,"Internship: Global Markets, Asset Liability Management – Central Liability Unit & Interest Rate Management [Jan - Jun 2027]",Jan 2027 – Jun 2027,"Investment, research & IB",workday,https://ocbc.wd102.myworkdayjobs.com/External/job/OCBC-Singapore/Internship--Global-Markets--Asset-Liability-Management---Central-Liability-Unit---Interest-Rate-Management--Jan---Jun-2027-_JR00011363,2026-09-29,About 6 months from Jan 2027; needs a leave of absence.
88,T2,strong,OCBC,"Internship: Global Markets, Global Markets Macro Research [Jan - Jun 2027]",Jan 2027 – Jun 2027,"Investment, research & IB",workday,https://ocbc.wd102.myworkdayjobs.com/External/job/OCBC-Singapore/Internship--Global-Markets--Global-Markets-Macro-Research--Jan---Jun-2027-_JR00011360,2026-09-29,About 6 months from Jan 2027; needs a leave of absence.
88,T2,strong,PwC,Tax - Digital Tax (Business Data Analytics) Off-Cycle Internship (Jan - Jun 27),Jan 2027 – Jun 2027,Data & business analytics,workday,https://pwc.wd3.myworkdayjobs.com/Global_Campus_Careers/job/Singapore/Tax---Digital-Tax--Business-Data-Analytics--Off-Cycle-Internship--Jan---Jun-27-_743507WD,2026-09-29,About 6 months from Jan 2027; needs a leave of absence.
87,T1,strong,PwC,Strategy& Deals Year-End Internship (Dec 26 - Feb 27),Dec 2026 – Feb 2027,"Investment, research & IB",workday,https://pwc.wd3.myworkdayjobs.com/Global_Campus_Careers/job/Singapore/Strategy--Deals-Year-End-Internship--Dec-26---Feb-27-_739827WD,2026-09-29,Dates fit your break as written.
87,T1,strong,PwC,One Deals Year-End Internship (Dec 26 - Feb 27),Dec 2026 – Feb 2027,"Investment, research & IB",workday,https://pwc.wd3.myworkdayjobs.com/Global_Campus_Careers/job/Singapore---Marina-One/One-Deals-Year-End-Internship--Dec-26---Feb-27-_718679WD-1,2026-09-29,Dates fit your break as written.
87,T1,strong,Recruit Success Pte Ltd,Wealth Management Internship,"Flexible start, 1–1.84 months",Asset & wealth management,internsg,https://www.internsg.com/job/recruit-success-pte-ltd-wealth-management-internship-3/,2026-09-29,Minimum 4 weeks fits your 12-week break.
87,T2,strong,Aramco Trading Singapore,"Analytics Intern (6 Months Full Time, 2027)",Jan 2027 – Jun 2027,Data & business analytics,internsg,https://www.internsg.com/job/aramco-trading-singapore-analytics-intern-6-months-full-time-2027/,2026-09-29,About 6 months from Jan 2027; needs a leave of absence.
87,T2,strong,MUFG,Global Markets Research Intern,11 Jan 2027 – Jun 2027,"Investment, research & IB",workday,https://mufgub.wd3.myworkdayjobs.com/MUFG-EarlyCareers/job/Singapore-Office-Marina-One/Global-Markets-Research-Intern_10079183-WD,2026-09-29,About 6 months from Jan 2027; needs a leave of absence.
87,T2,strong,OCBC,"Internship: Global Markets, Emerging Markets, Rates & NDF + Global Mkts SGD Rates [Jan - Jun 2027]",Jan 2027 – Jun 2027,"Investment, research & IB",workday,https://ocbc.wd102.myworkdayjobs.com/External/job/OCBC-Singapore/Internship--Global-Markets--Emerging-Markets--Rates---NDF---Global-Mkts-SGD-Rates--Jan---Jun-2027-_JR00011369,2026-09-29,About 6 months from Jan 2027; needs a leave of absence.
87,T2,strong,OCBC,"Internship: Global Markets, FXD – G7 & SGD [Jan - Jun 2027]",Jan 2027 – Jun 2027,"Investment, research & IB",workday,https://ocbc.wd102.myworkdayjobs.com/External/job/OCBC-Singapore/Internship--Global-Markets--FXD---G7---SGD--Jan---Jun-2027-_JR00011366-1,2026-09-29,About 6 months from Jan 2027; needs a leave of absence.
87,T2,strong,OCBC,"Internship: Global Markets, Global Markets Research – FX and Rates Strategy [Jan - Jun 2027]",Jan 2027 – Jun 2027,"Investment, research & IB",workday,https://ocbc.wd102.myworkdayjobs.com/External/job/OCBC-Singapore/Internship--Global-Markets--Global-Markets-Research---FX-and-Rates-Strategy--Jan---Jun-2027-_JR00011361,2026-09-29,About 6 months from Jan 2027; needs a leave of absence.
87,T2,strong,OCBC,"Internship: Global Markets, Global Markets Research – Credit Research [Jan - Jun 2027]",Jan 2027 – Jun 2027,"Investment, research & IB",workday,https://ocbc.wd102.myworkdayjobs.com/External/job/OCBC-Singapore/Internship--Global-Markets--Global-Markets-Research---Credit-Research--Jan---Jun-2027-_JR00011359,2026-09-29,About 6 months from Jan 2027; needs a leave of absence.
86,T1,stretch,Samaritans of Singapore Limited (SOS),Strategy & Research Intern,"Flexible start, min 3 months","Investment, research & IB",internsg,https://www.internsg.com/job/samaritans-of-singapore-limited-sos-strategy-research-intern/,2026-09-29,Asks for about 13 weeks; your break is ~11.6. Ask about a slightly shorter stint.
86,T2,stretch,Adept Business Consultancy Pte Ltd,Investment Research Intern,"Flexible start, min 6 months","Investment, research & IB",internsg,https://www.internsg.com/job/adept-business-consultancy-pte-ltd-investment-research-intern-3/,2026-09-29,Needs 6+ months; confirm a Dec–Feb start.
86,T2,strong,Glencore,Trading Analyst Intern (H1 2027),Jan 2027 – Jun 2027,"Investment, research & IB",workday,https://glencorecorp.wd3.myworkdayjobs.com/External/job/Singapore/Trading-Analyst-Intern--H1-2027-_R200001794,2026-09-29,About 6 months from Jan 2027; needs a leave of absence.
86,T2,strong,Glencore,Data Analytics Intern (H1 2027),Jan 2027 – Jun 2027,Data & business analytics,workday,https://glencorecorp.wd3.myworkdayjobs.com/External/job/Singapore/Data-Analytics-Intern_R200001786,2026-09-29,About 6 months from Jan 2027; needs a leave of absence.
86,T2,stretch,Martin Boey Organisation,Investment Research Intern,"Flexible start, min 6 months","Investment, research & IB",internsg,https://www.internsg.com/job/martin-boey-organisation-investment-research-intern-2/,2026-09-29,Needs 6+ months; confirm a Dec–Feb start.
86,T2,stretch,Martin Boey Organisation,Investment Strategy Intern,"Flexible start, min 6 months","Investment, research & IB",internsg,https://www.internsg.com/job/martin-boey-organisation-investment-strategy-intern/,2026-09-29,Needs 6+ months; confirm a Dec–Feb start.
86,T2,strong,PwC,Tax - Transfer Pricing Off-Cycle Internship (Jan - Jun 27),Jan 2027 – Jun 2027,Data & business analytics,workday,https://pwc.wd3.myworkdayjobs.com/Global_Campus_Careers/job/Singapore/Tax---Transfer-Pricing-Off-Cycle-Internship--Jan---Jun-27-_742311WD,2026-09-29,About 6 months from Jan 2027; needs a leave of absence.
85,?,unclear,MUFG,Portfolio Management Intern,Dates not stated,Asset & wealth management,workday,https://mufgub.wd3.myworkdayjobs.com/MUFG-EarlyCareers/job/Singapore-Office-Marina-One/Portfolio-Management-Intern_10079151-WD,2026-09-29,No dates in the posting; check before applying.
85,T1,stretch,NTUC Health,"Intern, Data Analytics (Talent Attraction)","Flexible start, min 3 months",Data & business analytics,internsg,https://www.internsg.com/job/ntuc-health-intern-data-analytics-talent-attraction-3/,2026-09-29,Asks for about 13 weeks; your break is ~11.6. Ask about a slightly shorter stint.
85,T2,strong,CapitaLand,"Intern, Data & AI (Data Engineering) (Off-cycle Jan-Jun 2027)",Jan 2027 – Jun 2027,Data & business analytics,workday,https://capitaland.wd3.myworkdayjobs.com/CapitaLandGroup/job/Singapore-East-Singapore/Intern--Data---AI--Data-Engineering---Off-cycle-Jan-Jun-2027-_JR005033-1,2026-09-29,About 6 months from Jan 2027; needs a leave of absence.
85,T2,stretch,Financial Coaching Academy Pte Ltd,Investment Analyst Intern,"Flexible start, min 6 months","Investment, research & IB",internsg,https://www.internsg.com/job/financial-coaching-academy-pte-ltd-investment-analyst-intern/,2026-09-29,Needs 6+ months; confirm a Dec–Feb start.
85,T2,strong,MUFG,Capital Markets Intern,11 Jan 2027 – Jun 2027,"Investment, research & IB",workday,https://mufgub.wd3.myworkdayjobs.com/MUFG-EarlyCareers/job/Singapore-Office-Marina-One/Capital-Markets-Intern_10078582-WD,2026-09-29,About 6 months from Jan 2027; needs a leave of absence.
85,T2,strong,MUFG,Leveraged and Acquisition Finance Intern,11 Jan 2027 – Jun 2027,"Investment, research & IB",workday,https://mufgub.wd3.myworkdayjobs.com/MUFG-EarlyCareers/job/Singapore-Office-Marina-One/Leveraged-and-Acquisition-Finance-Intern_10078794-WD,2026-09-29,About 6 months from Jan 2027; needs a leave of absence.
85,T2,stretch,Martin Boey Organisation,Investment Intern,"Flexible start, min 6 months","Investment, research & IB",internsg,https://www.internsg.com/job/martin-boey-organisation-investment-intern/,2026-09-29,Needs 6+ months; confirm a Dec–Feb start.
85,T2,strong,PwC,Tax - Digital Tax (Data Scientist) Off-Cycle Internship (Jan - Jun 27),Jan 2027 – Jun 2027,Data & business analytics,workday,https://pwc.wd3.myworkdayjobs.com/Global_Campus_Careers/job/Singapore/Tax---Digital-Tax--Data-Scientist--Off-Cycle-Internship--Jan---Jun-27-_743516WD,2026-09-29,About 6 months from Jan 2027; needs a leave of absence.
85,T2,strong,QCP,"Intern, Risk (Jan - Jun 2027)",Jan 2027 – Jun 2027,"Finance ops, treasury & risk",workable,https://apply.workable.com/qcp-group/j/6B1690698E/,2026-09-29,About 6 months from Jan 2027; needs a leave of absence.
85,T2,stretch,Varsity Tech,Business Development & Strategic Partnerships Intern (Fintech & AI Trading Platform),"Flexible start, min 6 months","Investment, research & IB",internsg,https://www.internsg.com/job/varsity-tech-business-development-strategic-partnerships-intern-fintech-ai-trading-platform/,2026-09-29,Needs 6+ months; confirm a Dec–Feb start.
84,T2,strong,Aramco Trading Singapore,"Product Control (Market Risk) Intern (6 Months Full Time, 2027)",Jan 2027 – Jun 2027,"Finance ops, treasury & risk",internsg,https://www.internsg.com/job/aramco-trading-singapore-product-control-market-risk-intern-6-months-full-time-2027/,2026-09-29,About 6 months from Jan 2027; needs a leave of absence.
84,T2,strong,QCP,"Intern, Trading - ALM (Jan - Jun 2027)",Jan 2027 – Jun 2027,"Investment, research & IB",workable,https://apply.workable.com/qcp-group/j/4599D0F542/,2026-09-29,About 6 months from Jan 2027; needs a leave of absence.
83,T1,stretch,Mediacorp Pte. Ltd.,Internship - CIA-Consumer Insights - Advanced Analytics,"Flexible start, min 3 months",Data & business analytics,internsg,https://www.internsg.com/job/mediacorp-pte-ltd-internship-cia-consumer-insights-advanced-analytics-2/,2026-09-29,Asks for about 13 weeks; your break is ~11.6. Ask about a slightly shorter stint.
83,T1,stretch,Praxium (Pte. Ltd.),Digital Marketing & Analytics Intern,"Flexible start, min 3 months",Data & business analytics,internsg,https://www.internsg.com/job/praxium-pte-ltd-digital-marketing-analytics-intern/,2026-09-29,Asks for about 13 weeks; your break is ~11.6. Ask about a slightly shorter stint.
83,T1,stretch,Tencent,WeChat - Data & AI Analytics Intern,min 12 weeks,Data & business analytics,workday,https://tencent.wd1.myworkdayjobs.com/Tencent_Careers/job/Singapore-CapitaSky/WeChat---Data---AI-Analytics-Intern_R107929,2026-09-29,Asks for about 12 weeks; your break is ~11.6. Ask about a slightly shorter stint.
83,T2,stretch,Ban Leong Technologies Pte Ltd,Data Analyst Intern,"Flexible start, min 6 months",Data & business analytics,internsg,https://www.internsg.com/job/ban-leong-technologies-pte-ltd-data-analyst-intern-6/,2026-09-29,Needs 6+ months; confirm a Dec–Feb start.
83,T2,strong,ING,"Intern, Finance - Product Control",Jan 2027 – Jun 2027,"Finance ops, treasury & risk",workday,https://ing.wd3.myworkdayjobs.com/ICSGBLCOR/job/Singapore/Intern--Finance---Product-Control_REQ-10121730-1,2026-09-29,About 6 months from Jan 2027; needs a leave of absence.
83,T2,strong,ING,"Intern, Debt Capital Markets APAC",Jan 2027 – Jun 2027,"Investment, research & IB",workday,https://ing.wd3.myworkdayjobs.com/ICSGBLCOR/job/Singapore/Intern--Debt-Capital-Markets-APAC_REQ-10120855-1,2026-09-29,About 6 months from Jan 2027; needs a leave of absence.
82,T1,stretch,Mediacorp Pte. Ltd.,Internship - Consumer Insights & Analytics,"Flexible start, min 3 months",Data & business analytics,internsg,https://www.internsg.com/job/mediacorp-pte-ltd-internship-consumer-insights-analytics/,2026-09-29,Asks for about 13 weeks; your break is ~11.6. Ask about a slightly shorter stint.
82,T1,stretch,Mediacorp Pte. Ltd.,Internship - Marketing & Data Analytics,"Flexible start, min 3 months",Data & business analytics,internsg,https://www.internsg.com/job/mediacorp-pte-ltd-internship-marketing-data-analytics/,2026-09-29,Asks for about 13 weeks; your break is ~11.6. Ask about a slightly shorter stint.
82,T2,stretch,Thereafter Pte Ltd,Financial Research & Strategy Intern,"Flexible start, min 6 months","Investment, research & IB",internsg,https://www.internsg.com/job/thereafter-pte-ltd-financial-research-strategy-intern/,2026-09-29,Needs 6+ months; confirm a Dec–Feb start.
82,T2,stretch,Thereafter Pte Ltd,Content & Research Intern,"Flexible start, min 6 months","Investment, research & IB",internsg,https://www.internsg.com/job/thereafter-pte-ltd-content-research-intern/,2026-09-29,Needs 6+ months; confirm a Dec–Feb start.
82,T2,stretch,Thereafter Pte Ltd,Content Strategy & Research Intern,"Flexible start, min 6 months","Investment, research & IB",internsg,https://www.internsg.com/job/thereafter-pte-ltd-content-strategy-research-intern/,2026-09-29,Needs 6+ months; confirm a Dec–Feb start.
82,T2,stretch,Thereafter Pte Ltd,Market Research Intern,"Flexible start, min 6 months","Investment, research & IB",internsg,https://www.internsg.com/job/thereafter-pte-ltd-market-research-intern-2/,2026-09-29,Needs 6+ months; confirm a Dec–Feb start.
81,?,unclear,MUFG,Treasury Intern,Dates not stated,"Finance ops, treasury & risk",workday,https://mufgub.wd3.myworkdayjobs.com/MUFG-EarlyCareers/job/Singapore-Office-Marina-One/Treasury-Intern_10079413-WD,2026-09-29,No dates in the posting; check before applying.
81,?,unclear,MUFG,Credit Risk Advisory Intern,Dates not stated,"Finance ops, treasury & risk",workday,https://mufgub.wd3.myworkdayjobs.com/MUFG-EarlyCareers/job/Singapore-Office-Marina-One/Credit-Risk-Advisory-Intern_10079055-WD,2026-09-29,No dates in the posting; check before applying.
81,T1,strong,Igloo,Corporate Strategy Intern - Singapore,min 2 months,Strategy & commercial,workable,https://apply.workable.com/iglooinsure/j/433DC9586D/,2026-09-29,Minimum 9 weeks fits your 12-week break.
81,T1,stretch,Lendingpot Private Limited,Business Analyst Intern,"Flexible start, min 3 months",Data & business analytics,internsg,https://www.internsg.com/job/lendingpot-private-limited-business-analyst-intern/,2026-09-29,Asks for about 13 weeks; your break is ~11.6. Ask about a slightly shorter stint.
81,T1,strong,PwC,"Risk Services - Governance, Risk & Compliance Year-End Internship (Dec 26 - Feb 27)",Dec 2026 – Feb 2027,"Finance ops, treasury & risk",workday,https://pwc.wd3.myworkdayjobs.com/Global_Campus_Careers/job/Singapore/Risk-Services---Governance--Risk---Compliance-Year-End-Internship--Dec-26---Feb-27-_741465WD,2026-09-29,Dates fit your break as written.
81,T2,strong,MUFG,Financial Institutions Intern,11 Jan 2027 – Jun 2027,"Investment, research & IB",workday,https://mufgub.wd3.myworkdayjobs.com/MUFG-EarlyCareers/job/Singapore-Office-Marina-One/Financial-Institutions-Intern_10078802-WD,2026-09-29,About 6 months from Jan 2027; needs a leave of absence.
81,T2,strong,MUFG,Sustainable Finance Intern,11 Jan 2027 – Jun 2027,"Finance ops, treasury & risk",workday,https://mufgub.wd3.myworkdayjobs.com/MUFG-EarlyCareers/job/Singapore-Office-Marina-One/Sustainable-Finance-Intern_10079286-WD,2026-09-29,About 6 months from Jan 2027; needs a leave of absence.
81,T2,strong,MUFG,APAC Fund Finance Intern,11 Jan 2027 – Jun 2027,"Finance ops, treasury & risk",workday,https://mufgub.wd3.myworkdayjobs.com/MUFG-EarlyCareers/job/Singapore-Office-Marina-One/APAC-Fund-Finance-Intern_10078850-WD,2026-09-29,About 6 months from Jan 2027; needs a leave of absence.
81,T2,stretch,Martin Boey Organisation,Business Analyst Intern,"Flexible start, min 6 months",Data & business analytics,internsg,https://www.internsg.com/job/martin-boey-organisation-business-analyst-intern/,2026-09-29,Needs 6+ months; confirm a Dec–Feb start.
81,T2,strong,Oakwood & Drehem Capital,Investment Banking Intern,Jan 2027 – Jun 2027,"Investment, research & IB",internsg,https://www.internsg.com/job/oakwood-drehem-capital-investment-banking-intern-2/,2026-09-29,About 6 months from Jan 2027; needs a leave of absence.
80,?,unclear,Hong Leong Bank,Intern - Private Bank,Dates not stated,Asset & wealth management,workday,https://hlb.wd3.myworkdayjobs.com/HLBCareers/job/Singapore/Intern---Private-Bank_JR0000026351,2026-09-29,No dates in the posting; check before applying.
80,T1,stretch,The Unique Prime Consultant,Internship — Investment Structuring & Corporate Finance Intern,"Flexible start, min 3 months","Investment, research & IB",internsg,https://www.internsg.com/job/the-unique-prime-consultant-internship-investment-structuring-corporate-finance-intern-3/,2026-09-29,Asks for about 13 weeks; your break is ~11.6. Ask about a slightly shorter stint.
80,T2,stretch,Adept Business Consultancy,Financial Analytics Intern,"Flexible start, min 6 months",Data & business analytics,internsg,https://www.internsg.com/job/adept-business-consultancy-financial-analytics-intern/,2026-09-29,Needs 6+ months; confirm a Dec–Feb start.
80,T2,stretch,Adept Business Consultancy,Business Analyst Intern,"Flexible start, min 6 months",Data & business analytics,internsg,https://www.internsg.com/job/adept-business-consultancy-business-analyst-intern/,2026-09-29,Needs 6+ months; confirm a Dec–Feb start.
80,T2,stretch,FWD Insurance,Life Pricing Intern (6 Months Contract),min 6 months,Data & business analytics,workday,https://fwd.wd3.myworkdayjobs.com/FWDcareersite/job/Singapore---Suntec-Tower-4/Life-Pricing-Intern--6-Months-Contract-_JR-0027808-1,2026-09-29,Needs 6+ months; confirm a Dec–Feb start.
80,T2,strong,ING,"Intern, Trade Finance Product Management",Jan 2027 – Jun 2027,"Finance ops, treasury & risk",workday,https://ing.wd3.myworkdayjobs.com/ICSGBLCOR/job/Singapore/Intern--Trade-Finance-Product-Management_REQ-10122211,2026-09-29,About 6 months from Jan 2027; needs a leave of absence.
80,T2,strong,ING,"Intern, Fund Finance",Jan 2027 – Jun 2027,"Finance ops, treasury & risk",workday,https://ing.wd3.myworkdayjobs.com/ICSGBLCOR/job/Singapore/Intern--Fund-Finance_REQ-10122129,2026-09-29,About 6 months from Jan 2027; needs a leave of absence.
80,T2,stretch,Shenton Research Pte. Ltd.,Investment Research Intern,"Flexible start, min 6 months","Investment, research & IB",internsg,https://www.internsg.com/job/shenton-research-pte-ltd-investment-research-intern/,2026-09-29,Needs 6+ months; confirm a Dec–Feb start.
79,?,unclear,CapitaLand,"Intern, Sustainability Data",Dates not stated,Data & business analytics,workday,https://capitaland.wd3.myworkdayjobs.com/CapitaLandGroup/job/Singapore-Central-Singapore/Intern--Sustainability-Data_JR004989-1,2026-09-29,No dates in the posting; check before applying.
79,?,unclear,OCBC,International Wealth Premier Manager (North Asia),Dates not stated,Asset & wealth management,workday,https://ocbc.wd102.myworkdayjobs.com/External/job/OCBC-Singapore/Offshore-Premier-Manager---VP_JR00010018,2026-09-29,No dates in the posting; check before applying.
79,T1,strong,Optiver,Quantitative Trading Internship (Singapore) - 2027,min 8 weeks,"Investment, research & IB",greenhouse,https://www.optiver.com/join-us/jobs/8642260002/?gh_jid=8642260002,2026-09-29,Minimum 8 weeks fits your 12-week break.
79,T2,strong,MUFG,Commodity Structured Finance Intern,11 Jan 2027 – Jun 2027,"Investment, research & IB",workday,https://mufgub.wd3.myworkdayjobs.com/MUFG-EarlyCareers/job/Singapore-Office-Marina-One/Commodity-Structured-Finance-Intern_10079097-WD,2026-09-29,About 6 months from Jan 2027; needs a leave of absence.
79,T2,stretch,Thereafter Pte Ltd,Financial Research Intern,"Flexible start, min 6 months","Investment, research & IB",internsg,https://www.internsg.com/job/thereafter-pte-ltd-financial-research-intern/,2026-09-29,Needs 6+ months; confirm a Dec–Feb start.
78,?,unclear,CapitaLand,"Intern, Data Analytics",Dates not stated,Data & business analytics,workday,https://capitaland.wd3.myworkdayjobs.com/CapitaLandGroup/job/Singapore-Central-Singapore/Intern--Data-Analytics_JR005040-1,2026-09-29,No dates in the posting; check before applying.
78,?,unclear,Hong Leong Bank,Intern - Global Markets (Structured Solutions),Dates not stated,"Investment, research & IB",workday,https://hlb.wd3.myworkdayjobs.com/HLBCareers/job/Singapore/Intern---Global-Markets--Structured-Solutions-_JR0000026142,2026-09-29,No dates in the posting; check before applying.
78,?,unclear,MUFG,Financial Institutions Risk Intern,Dates not stated,"Finance ops, treasury & risk",workday,https://mufgub.wd3.myworkdayjobs.com/MUFG-EarlyCareers/job/Singapore-Office-Marina-One/Financial-Institutions-Risk-Intern_10079152-WD,2026-09-29,No dates in the posting; check before applying.
78,T1,stretch,Qube Research & Technologies,"2027 – Internship, Data Engineering",3–6 months,Data & business analytics,greenhouse,https://job-boards.greenhouse.io/quberesearchandtechnologies/jobs/8749947002,2026-09-29,Asks for about 13 weeks; your break is ~11.6. Ask about a slightly shorter stint.
78,T2,strong,CapitaLand,"Intern, Finance (Jan - Jun 2027)",Jan 2027 – Jun 2027,"Finance ops, treasury & risk",workday,https://capitaland.wd3.myworkdayjobs.com/CapitaLandGroup/job/Singapore-Central-Singapore/Intern--Finance--Jan---Jun-2027-_JR005014-1,2026-09-29,About 6 months from Jan 2027; needs a leave of absence.
78,T2,stretch,IFS Capital Limited,Data Engineer Intern,"Flexible start, min 4 months",Data & business analytics,internsg,https://www.internsg.com/job/ifs-capital-limited-data-engineer-intern-3/,2026-09-29,Needs 4+ months; confirm a Dec–Feb start.
78,T2,strong,Lion Global Investors Ltd,"Intern, Regulatory Compliance",Dec 2026 – May 2027,"Finance ops, treasury & risk",internsg,https://www.internsg.com/job/lion-global-investors-ltd-intern-regulatory-compliance-2/,2026-09-29,About 6 months from Dec 2026; needs a leave of absence.
78,T2,strong,Lion Global Investors Ltd,"Intern, ETFs & Strategic Product Development",Dec 2026 – May 2027,Asset & wealth management,internsg,https://www.internsg.com/job/lion-global-investors-ltd-intern-etfs-strategic-product-development/,2026-09-29,About 6 months from Dec 2026; needs a leave of absence.
78,T2,strong,MUFG,Commodity Trade Finance Intern,11 Jan 2027 – Jun 2027,"Investment, research & IB",workday,https://mufgub.wd3.myworkdayjobs.com/MUFG-EarlyCareers/job/Singapore-Office-Marina-One/Commodity-Trade-Finance-Intern_10079096-WD,2026-09-29,About 6 months from Jan 2027; needs a leave of absence.
78,T2,stretch,Tencent,Business Analyst Intern (6 Months),min 6 months,Data & business analytics,workday,https://tencent.wd1.myworkdayjobs.com/Tencent_Careers/job/Singapore-CapitaSky/Business-Analyst-Intern--6-Months-_R108170,2026-09-29,Needs 6+ months; confirm a Dec–Feb start.
78,T2,stretch,UD Trucks Singapore (Pte.) Ltd,"Intern, Trade Finance & Credit Risk","Flexible start, min 6 months","Finance ops, treasury & risk",internsg,https://www.internsg.com/job/ud-trucks-singapore-pte-ltd-intern-trade-finance-credit-risk-3/,2026-09-29,Needs 6+ months; confirm a Dec–Feb start.
77,?,unclear,Binance,Tech Test - Intern - AI-Data,Dates not stated,Data & business analytics,greenhouse,https://job-boards.eu.greenhouse.io/binance/jobs/4973988101,2026-09-29,No dates in the posting; check before applying.
77,T1,stretch,FOMO Pay Pte. Ltd.,Treasury Operations Intern,"Flexible start, min 3 months","Finance ops, treasury & risk",internsg,https://www.internsg.com/job/fomo-pay-pte-ltd-treasury-operations-intern-4/,2026-09-29,Asks for about 13 weeks; your break is ~11.6. Ask about a slightly shorter stint.
77,T2,strong,IFS Asset Management Pte. Ltd,Client Solutions & Operations Intern,Dec 2026 – Apr 2027,"Finance ops, treasury & risk",internsg,https://www.internsg.com/job/ifs-asset-management-pte-ltd-client-solutions-operations-intern/,2026-09-29,About 5 months from Dec 2026; needs a leave of absence.
77,T2,strong,Lion Global Investors Ltd,"Intern, Finance",Dec 2026 – May 2027,"Finance ops, treasury & risk",internsg,https://www.internsg.com/job/lion-global-investors-ltd-intern-finance-3/,2026-09-29,About 6 months from Dec 2026; needs a leave of absence.
76,T2,strong,Blackstone,"2027 Real Estate Finance, Off Cycle Intern (January to June), Singapore",Jan 2027 – Jun 2027,"Investment, research & IB",workday,https://blackstone.wd1.myworkdayjobs.com/Blackstone_Campus_Careers/job/Singapore/XMLNAME-2027-Real-Estate-Finance--Off-Cycle-Intern--January-to-June---Singapore_44173,2026-09-29,About 6 months from Jan 2027; needs a leave of absence.
76,T2,strong,PwC,Tax - Financial Services (US Tax) Off-Cycle Internship (Jan - Jun 27),Jan 2027 – Jun 2027,Asset & wealth management,workday,https://pwc.wd3.myworkdayjobs.com/Global_Campus_Careers/job/Singapore/Tax---Financial-Services--US-Tax--Off-Cycle-Internship--Jan---Jun-27-_743070WD,2026-09-29,About 6 months from Jan 2027; needs a leave of absence.
75,?,unclear,FWD Insurance,"Vice President, Head of Distribution – International Markets",Dates not stated,"Investment, research & IB",workday,https://fwd.wd3.myworkdayjobs.com/FWDcareersite/job/Singapore---Suntec-Tower-4-Group-Office/Vice-President--Head-of-Distribution---International-Markets_JR-0027944,2026-09-29,No dates in the posting; check before applying.
75,?,unclear,Stripe,"Financial Data Analyst Intern, Technical Operations",Dates not stated,"Finance ops, treasury & risk",greenhouse,https://stripe.com/jobs/search?gh_jid=8186442,2026-09-29,No dates in the posting; check before applying.
75,T1,stretch,Yit Hong Pte Ltd,Intern - Strategy & Transformation,"Flexible start, 3–6 months",Strategy & commercial,internsg,https://www.internsg.com/job/yit-hong-pte-ltd-intern-strategy-transformation/,2026-09-29,Asks for about 13 weeks; your break is ~11.6. Ask about a slightly shorter stint.
75,T2,strong,Blackstone,"2027 Blackstone Technology & Innovations Analyst Intern, Singapore",Jan 2027 – Jun 2027,Asset & wealth management,workday,https://blackstone.wd1.myworkdayjobs.com/Blackstone_Campus_Careers/job/Singapore/XMLNAME-2027-Blackstone-Technology---Innovations-Analyst-Intern--Singapore_45034,2026-09-29,About 6 months from Jan 2027; needs a leave of absence.
75,T2,stretch,CapitaLand,"Intern, Strategic Planning (Jan - Jul 2027)",Jan 2027 – Jul 2027,Strategy & commercial,workday,https://capitaland.wd3.myworkdayjobs.com/CapitaLandGroup/job/Singapore-Central-Singapore/Intern--Strategic-Planning--Jan---Jul-2027-_JR005016-1,2026-09-29,"About 7 months from Jan 2027, longer than your preferred 4–6; needs a leave of absence."
75,T2,stretch,CapitaLand,"Intern, Global Franchise and Strategy Planning (Jan - Jul 2027)",Jan 2027 – Jul 2027,Strategy & commercial,workday,https://capitaland.wd3.myworkdayjobs.com/CapitaLandGroup/job/Singapore-Central-Singapore/Intern--Global-Franchise-and-Strategy-Planning--Jan---Jul-2027-_JR005015-1,2026-09-29,"About 7 months from Jan 2027, longer than your preferred 4–6; needs a leave of absence."
75,T2,strong,MUFG,Transaction Banking Product Intern,11 Jan 2027 – Jun 2027,"Investment, research & IB",workday,https://mufgub.wd3.myworkdayjobs.com/MUFG-EarlyCareers/job/Singapore-Office-Marina-One/Transaction-Banking-Product-Intern_10079002-WD,2026-09-29,About 6 months from Jan 2027; needs a leave of absence.
75,T2,strong,PwC,Tax - Corporate Tax (Financial Services) Off-Cycle Internship (Jan - Jun 27),Jan 2027 – Jun 2027,"Finance ops, treasury & risk",workday,https://pwc.wd3.myworkdayjobs.com/Global_Campus_Careers/job/Singapore/Tax---Corporate-Tax--Financial-Services--Off-Cycle-Internship--Jan---Jun-27-_762648WD,2026-09-29,About 6 months from Jan 2027; needs a leave of absence.
74,T1,strong,AMO,Wealth Explorer Internship,"Flexible start, min 1 months",Asset & wealth management,internsg,https://www.internsg.com/job/amo-wealth-explorer-internship/,2026-09-29,Minimum 4 weeks fits your 12-week break.
74,T2,strong,MUFG,Project Finance Intern,11 Jan 2027 – Jun 2027,"Investment, research & IB",workday,https://mufgub.wd3.myworkdayjobs.com/MUFG-EarlyCareers/job/Singapore-Office-Marina-One/Project-Finance-Intern_10078503-WD,2026-09-29,About 6 months from Jan 2027; needs a leave of absence.
74,T2,strong,Oakwood & Drehem Capital Pte. Ltd.,Corporate Development Intern,4 Jan 2027 – 3 Jul 2027,Strategy & commercial,internsg,https://www.internsg.com/job/oakwood-drehem-capital-pte-ltd-corporate-development-intern-6/,2026-09-29,About 6 months from Jan 2027; needs a leave of absence.
73,T1,stretch,Aeira Pte. Ltd.,Strategy & Market Access Intern,"Flexible start, min 3 months",Strategy & commercial,internsg,https://www.internsg.com/job/aeira-pte-ltd-strategy-market-access-intern/,2026-09-29,Asks for about 13 weeks; your break is ~11.6. Ask about a slightly shorter stint.
73,T1,stretch,Hydroleap Pte Ltd,Strategy & Finance Intern,"Flexible start, min 3 months","Finance ops, treasury & risk",internsg,https://www.internsg.com/job/hydroleap-pte-ltd-strategy-finance-intern-2/,2026-09-29,Asks for about 13 weeks; your break is ~11.6. Ask about a slightly shorter stint.
73,T1,stretch,PAG Advisors,Business Growth & People Strategy Intern,"Flexible start, min 3 months",Strategy & commercial,internsg,https://www.internsg.com/job/pag-advisors-pag-advisors-business-growth-people-strategy-intern-2/,2026-09-29,Asks for about 13 weeks; your break is ~11.6. Ask about a slightly shorter stint.
73,T2,stretch,Advisor Alliance Group,Financial Consultant Internship,"Flexible start, min 4 months",Strategy & commercial,internsg,https://www.internsg.com/job/advisor-alliance-group-financial-consultant-internship/,2026-09-29,Needs 4+ months; confirm a Dec–Feb start.
71,?,unclear,Optiver,Market Risk Internship 2027 - Singapore,Dates not stated,"Finance ops, treasury & risk",greenhouse,https://www.optiver.com/join-us/jobs/8699349002/?gh_jid=8699349002,2026-09-29,No dates in the posting; check before applying.
71,T2,stretch,Tencent,Financial Accounting and Analysis Intern,4–6 months,"Finance ops, treasury & risk",workday,https://tencent.wd1.myworkdayjobs.com/Tencent_Careers/job/Singapore-CapitaSky/Financial-Accounting-and-Analysis-Intern_R107976,2026-09-29,Needs 4+ months; confirm a Dec–Feb start.
71,T2,stretch,Thereafter Pte Ltd,Estate Planning Intern,"Flexible start, min 6 months",Strategy & commercial,internsg,https://www.internsg.com/job/thereafter-pte-ltd-estate-planning-intern-2/,2026-09-29,Needs 6+ months; confirm a Dec–Feb start.
71,T2,stretch,Univers Pte Ltd,Strategy & Enablement Intern,"Flexible start, min 4 months",Strategy & commercial,internsg,https://www.internsg.com/job/univers-pte-ltd-strategy-enablement-intern/,2026-09-29,Needs 4+ months; confirm a Dec–Feb start.
70,?,unclear,MUFG,Financial Planning (Expense Management) Intern,Dates not stated,"Finance ops, treasury & risk",workday,https://mufgub.wd3.myworkdayjobs.com/MUFG-EarlyCareers/job/Singapore-Office-Marina-One/Financial-Planning--Expense-Management--Intern_10078788-WD,2026-09-29,No dates in the posting; check before applying.
70,T1,stretch,DCS Card Centre Pte Ltd,Sales Intern (Payments & Institutional Sales),"Flexible start, min 3 months",Asset & wealth management,internsg,https://www.internsg.com/job/dcs-card-centre-pte-ltd-sales-intern-payments-institutional-sales/,2026-09-29,Asks for about 13 weeks; your break is ~11.6. Ask about a slightly shorter stint.
70,T1,stretch,Univers Pte Ltd,Finance Intern,"Flexible start, min 3 months","Finance ops, treasury & risk",internsg,https://www.internsg.com/job/univers-pte-ltd-finance-intern-2/,2026-09-29,Asks for about 13 weeks; your break is ~11.6. Ask about a slightly shorter stint.
69,T1,stretch,Prestige Corporate Services Pte Ltd,Finance Intern,Flexible start,"Finance ops, treasury & risk",internsg,https://www.internsg.com/job/prestige-corporate-services-pte-ltd-finance-intern-2/,2026-09-29,Flexible timing; propose 30 Nov – 19 Feb.
69,T2,strong,ING,"Intern, Acquisition Finance",Jan 2027 – Jun 2027,"Investment, research & IB",workday,https://ing.wd3.myworkdayjobs.com/ICSGBLCOR/job/Singapore/Intern--Acquisition-Finance_REQ-10120673-2,2026-09-29,About 6 months from Jan 2027; needs a leave of absence.
69,T2,strong,Lion Global Investors Ltd,"Intern, Trade & Database Services (Robotic Process Automation)",Dec 2026 – May 2027,Asset & wealth management,internsg,https://www.internsg.com/job/lion-global-investors-ltd-intern-trade-database-services-robotic-process-automation/,2026-09-29,About 6 months from Dec 2026; needs a leave of absence.
69,T2,strong,Lion Global Investors Ltd,"Intern, Trade & Database Services (Transaction Processing)",Dec 2026 – May 2027,"Investment, research & IB",internsg,https://www.internsg.com/job/lion-global-investors-ltd-intern-trade-database-services-transaction-processing-2/,2026-09-29,About 6 months from Dec 2026; needs a leave of absence.
69,T2,strong,Lion Global Investors Ltd,"Intern, Trade & Database Services (Trade Support)",Dec 2026 – May 2027,"Finance ops, treasury & risk",internsg,https://www.internsg.com/job/lion-global-investors-ltd-intern-trade-database-services-trade-support/,2026-09-29,About 6 months from Dec 2026; needs a leave of absence.
68,?,unclear,MUFG,IT Finance Intern,Dates not stated,"Finance ops, treasury & risk",workday,https://mufgub.wd3.myworkdayjobs.com/MUFG-EarlyCareers/job/Singapore-Office-OCC/IT-Finance-Intern_10078922-WD,2026-09-29,No dates in the posting; check before applying.
68,T1,stretch,Guotai Junan International (Singapore) Pte. Limited,Compliance Intern,"Flexible start, min 3 months","Finance ops, treasury & risk",internsg,https://www.internsg.com/job/guotai-junan-international-singapore-pte-limited-compliance-intern-2/,2026-09-29,Asks for about 13 weeks; your break is ~11.6. Ask about a slightly shorter stint.
67,T1,stretch,Qube Research & Technologies,"2027 – Internship or Graduate, Quantitative Research and Trading",3–6 months,"Investment, research & IB",greenhouse,https://job-boards.greenhouse.io/quberesearchandtechnologies/jobs/8581570002,2026-09-29,Asks for about 13 weeks; your break is ~11.6. Ask about a slightly shorter stint.
67,T2,strong,Keppel,"[Keppel Internship Programme 2027] Intern, Cybersecurity Analyst (Jan - May 2027)",Jan 2027 – May 2027,"Finance ops, treasury & risk",workday,https://keppel.wd3.myworkdayjobs.com/KeppelCareers/job/Singapore/XMLNAME--Keppel-Internship-Programme-2027--Intern--Cybersecurity-Analyst--Jan---May-2027-_10016374,2026-09-29,About 5 months from Jan 2027; needs a leave of absence.
67,T2,strong,Lion Global Investors Ltd,"Intern, Reconciliation & Reporting Services",Dec 2026 – May 2027,"Finance ops, treasury & risk",internsg,https://www.internsg.com/job/lion-global-investors-ltd-intern-reconciliation-reporting-services-3/,2026-09-29,About 6 months from Dec 2026; needs a leave of absence.
66,?,unclear,PwC,Asset & Wealth Managed Services (AWMS) - Risk & Compliance Solutions (Internal Audit and Risk) - Internship,Dates not stated,Asset & wealth management,workday,https://pwc.wd3.myworkdayjobs.com/Global_Campus_Careers/job/Singapore/Asset---Wealth-Managed-Services--AWMS----Risk---Compliance-Solutions--Internal-Audit-and-Risk----Internship_619940WD-1,2026-09-29,No dates in the posting; check before applying.
66,T1,stretch,National Volunteer & Philanthropy Centre,"Intern, Finance",Flexible start,"Finance ops, treasury & risk",internsg,https://www.internsg.com/job/national-volunteer-philanthropy-centre-intern-finance-4/,2026-09-29,Flexible timing; propose 30 Nov – 19 Feb.
66,T2,stretch,IQ-EQ Singapore,Business Implementation Intern,"Flexible start, min 4 months","Investment, research & IB",internsg,https://www.internsg.com/job/iq-eq-singapore-business-implementation-intern/,2026-09-29,Needs 4+ months; confirm a Dec–Feb start.
65,?,unclear,Keppel,"Intern, Accounting and Finance Services",Dates not stated,"Finance ops, treasury & risk",workday,https://keppel.wd3.myworkdayjobs.com/KeppelCareers/job/Singapore/Intern--Accounting-and-Finance-Services_10016456,2026-09-29,No dates in the posting; check before applying.
65,T1,stretch,AMO,FutureReady: Business & Finance Internship,Flexible start,"Finance ops, treasury & risk",internsg,https://www.internsg.com/job/amo-futureready-business-finance-internship/,2026-09-29,Flexible timing; propose 30 Nov – 19 Feb.
64,T2,strong,CognaLearn Pte Ltd,"Finance and Operations Analyst, Intern",Jan 2027 – Jun 2027,"Finance ops, treasury & risk",internsg,https://www.internsg.com/job/cognalearn-pte-ltd-finance-and-operations-analyst-intern-2/,2026-09-29,About 6 months from Jan 2027; needs a leave of absence.
63,?,unclear,OKX,"Product Director, Internal HR & Finance Systems",Dates not stated,"Finance ops, treasury & risk",greenhouse,https://job-boards.greenhouse.io/okx/jobs/7773207003,2026-09-29,No dates in the posting; check before applying.
62,?,unclear,OCBC,"Relationship Manager, Enterprise Banking International, International/ASEAN Corporate Business",Dates not stated,"Investment, research & IB",workday,https://ocbc.wd102.myworkdayjobs.com/External/job/OCBC-Singapore/Relationship-Manager--Enterprise-Banking-International--International-ASEAN-Corporate-Business_JR00004016,2026-09-29,No dates in the posting; check before applying.
62,T1,stretch,Guotai Junan International Asset Management (Singapore) Pte. Limited,Operations Intern,"Flexible start, min 3 months","Finance ops, treasury & risk",internsg,https://www.internsg.com/job/guotai-junan-international-asset-management-singapore-pte-limited-operations-intern-2/,2026-09-29,Asks for about 13 weeks; your break is ~11.6. Ask about a slightly shorter stint.
61,?,unclear,Moomoo,Administrative & Operations Intern,Dates not stated,"Finance ops, treasury & risk",workable,https://apply.workable.com/moomoo/j/76E084BED6/,2026-09-29,No dates in the posting; check before applying.
61,?,unclear,Stripe,"Integration Reliability Engineer Intern, Technical Operations",Dates not stated,"Finance ops, treasury & risk",greenhouse,https://stripe.com/jobs/search?gh_jid=8186367,2026-09-29,No dates in the posting; check before applying.
61,T1,weak,AIA,AIA Winter Internship Programme (Financial Services),7 Dec 2026 – 18 Dec 2026,"Investment, research & IB",internsg,https://www.internsg.com/job/aia-aia-winter-internship-programme/,2026-09-29,Short programme (under four weeks).
61,T2,stretch,Singapore Red Cross Society,"Intern, Finance","Flexible start, min 6 months","Finance ops, treasury & risk",internsg,https://www.internsg.com/job/singapore-red-cross-society-intern-finance-5/,2026-09-29,Needs 6+ months; confirm a Dec–Feb start.
60,?,unclear,Stripe,Internal Auditor - APAC Regulatory & Financial Operations,Dates not stated,"Finance ops, treasury & risk",greenhouse,https://stripe.com/jobs/search?gh_jid=8036233,2026-09-29,No dates in the posting; check before applying.
60,T1,stretch,Advisors Alliance Group,3-Day Finance Internship Program,Flexible start,"Finance ops, treasury & risk",internsg,https://www.internsg.com/job/advisors-alliance-group-intern-3/,2026-09-29,Flexible timing; propose 30 Nov – 19 Feb.
59,?,unclear,DRW,Quantitative Research Intern,Dates not stated,"Investment, research & IB",greenhouse,https://job-boards.greenhouse.io/drweng/jobs/8014915,2026-09-29,No dates in the posting; check before applying.
59,T2,stretch,UD Trucks Singapore (Pte.) Ltd,"Intern, Business Control","Flexible start, min 6 months","Finance ops, treasury & risk",internsg,https://www.internsg.com/job/ud-trucks-singapore-pte-ltd-intern-business-control/,2026-09-29,Needs 6+ months; confirm a Dec–Feb start.
58,T1,strong,Jump Trading,Campus Quantitative Researcher (Intern),min 10 weeks,"Investment, research & IB",greenhouse,https://www.jumptrading.com/hr/job?gh_jid=8027939,2026-09-29,Minimum 10 weeks fits your 12-week break.
58,T1,strong,Jump Trading,Campus Quantitative Trader (Intern),min 10 weeks,"Investment, research & IB",greenhouse,https://www.jumptrading.com/hr/job?gh_jid=8027941,2026-09-29,Minimum 10 weeks fits your 12-week break.
57,T1,weak,AIA,Winter Finance Internship,Dec 2026 – 18 Dec 2026,"Finance ops, treasury & risk",internsg,https://www.internsg.com/job/aia-winter-internship-progremme/,2026-09-29,Short programme (under four weeks).
55,?,unclear,Hong Leong Bank,Intern - Community Banking (RM Assistant),Dates not stated,Asset & wealth management,workday,https://hlb.wd3.myworkdayjobs.com/HLBCareers/job/Singapore/Intern---Community-Banking--RM-Assistant-_JR0000026083,2026-09-29,No dates in the posting; check before applying.
55,T1,weak,AIA,AIA Internship Progremme,7 Dec 2026 – 18 Dec 2026,Strategy & commercial,internsg,https://www.internsg.com/job/aia-aia-internship-progremme/,2026-09-29,Short programme (under four weeks).
53,?,unclear,Jump Trading,Campus AI/ML Researcher (Intern),Dates not stated,"Investment, research & IB",greenhouse,https://www.jumptrading.com/hr/job?gh_jid=8027938,2026-09-29,No dates in the posting; check before applying.
52,?,unclear,Squarepoint Capital,Intern Quant Researcher,Dates not stated,"Investment, research & IB",greenhouse,https://www.squarepoint-capital.com/open-opportunities?id=243853&gh_jid=243853,2026-09-29,No dates in the posting; check before applying.
46,?,unclear,Tower Research Capital,"Quantitative Researcher Intern, Bachelor's or Master's",Dates not stated,"Investment, research & IB",greenhouse,https://www.tower-research.com/open-positions/?gh_jid=8168750,2026-09-29,No dates in the posting; check before applying.
45,?,unclear,Tower Research Capital,"Quantitative Researcher Intern, PhD or Postdoc",Dates not stated,"Investment, research & IB",greenhouse,https://www.tower-research.com/open-positions/?gh_jid=8168634,2026-09-29,No dates in the posting; check before applying.
